userEmail,pistaNombre,fecha,hora,total
"rahul_thiel@gmail.com","Pista 7","2025-03-13","19:00",23
"julius_smith@hotmail.com","Pista 10","2025-08-05","17:00",21
"dulce_gislason69@hotmail.com","Pista 5","2025-04-15","20:00",34
"carlee.halvorson@hotmail.com","Pista 25","2025-06-04","18:00",26
"dulce_gislason69@hotmail.com","Pista 17","2025-03-28","12:00",14
"rosalyn.smith@gmail.com","Pista 22","2025-11-01","13:00",28
"abigale0@gmail.com","Pista 12","2025-10-24","10:00",34
"ludwig.becker7@hotmail.com","Pista 10","2025-04-16","09:00",21
"kamille95@yahoo.com","Pista 2","2025-06-29","13:00",22
"kamille95@yahoo.com","Pista 20","2025-12-10","18:00",38
"freddy_boehm23@gmail.com","Pista 12","2025-06-29","09:00",34
"rahul_thiel@gmail.com","Pista 25","2025-04-24","12:00",26
"aimee.beer@yahoo.com","Pista 9","2025-10-02","20:00",18
"freddy_boehm23@gmail.com","Pista 16","2025-11-01","13:00",19
"jabari.runte90@gmail.com","Pista 14","2025-10-11","10:00",38
"monroe38@hotmail.com","Pista 11","2025-11-11","13:00",23
"jordane48@hotmail.com","Pista 16","2025-07-02","09:00",19
"torey.dickens@gmail.com","Pista 21","2025-05-05","09:00",39
"shana64@hotmail.com","Pista 18","2025-02-08","19:00",18
"dulce_gislason69@hotmail.com","Pista 19","2025-08-23","20:00",37
"jabari.runte90@gmail.com","Pista 23","2025-12-05","19:00",29
"monroe38@hotmail.com","Pista 1","2025-01-05","16:00",15
"rodolfo0@yahoo.com","Pista 26","2025-05-01","18:00",17
"cyrus.murray@gmail.com","Pista 15","2025-08-16","10:00",34
"eliane.reichel@hotmail.com","Pista 28","2025-03-09","13:00",27
"abigale0@gmail.com","Pista 8","2025-09-28","09:00",30
"christopher_gottlieb@gmail.com","Pista 11","2025-11-25","11:00",23
"carlee.halvorson@hotmail.com","Pista 6","2025-08-01","16:00",24
"rosalyn.smith@gmail.com","Pista 19","2025-01-21","09:00",37
"aryanna37@gmail.com","Pista 26","2025-07-07","10:00",17
"jabari.runte90@gmail.com","Pista 12","2025-07-19","17:00",34
"tressie.crooks59@yahoo.com","Pista 12","2025-03-04","19:00",34
"rosalyn.smith@gmail.com","Pista 17","2025-07-28","11:00",14
"christopher_gottlieb@gmail.com","Pista 15","2025-07-24","20:00",34
"tressie.crooks59@yahoo.com","Pista 9","2025-03-23","10:00",18
"sven.wolf90@yahoo.com","Pista 25","2025-08-16","17:00",26
"torey.dickens@gmail.com","Pista 26","2025-05-13","11:00",17
"eliane.reichel@hotmail.com","Pista 11","2025-07-17","20:00",23
"abigale0@gmail.com","Pista 11","2025-10-11","13:00",23
"jabari.runte90@gmail.com","Pista 8","2025-04-01","17:00",30
"rosalyn.smith@gmail.com","Pista 8","2025-05-14","18:00",30
"monroe38@hotmail.com","Pista 28","2025-01-22","11:00",27
"jordane48@hotmail.com","Pista 9","2025-02-28","20:00",18
"rosalyn.smith@gmail.com","Pista 19","2025-12-21","11:00",37
"ludwig.becker7@hotmail.com","Pista 7","2025-08-31","19:00",23
"dulce_gislason69@hotmail.com","Pista 22","2025-12-08","13:00",28
"kamille95@yahoo.com","Pista 22","2025-06-02","09:00",28
"edyth.botsford3@gmail.com","Pista 13","2025-09-05","10:00",35
"tressie.crooks59@yahoo.com","Pista 21","2025-02-03","17:00",39
"tressie.crooks59@yahoo.com","Pista 11","2025-01-02","18:00",23
"tressie.crooks59@yahoo.com","Pista 8","2025-10-12","18:00",30
"rodolfo0@yahoo.com","Pista 19","2025-08-15","20:00",37
"rosalyn.smith@gmail.com","Pista 9","2025-06-13","11:00",18
"rosalyn.smith@gmail.com","Pista 12","2025-05-25","13:00",34
"jabari.runte90@gmail.com","Pista 5","2025-01-21","10:00",34
"rosalyn.smith@gmail.com","Pista 23","2025-09-27","16:00",29
"jabari.runte90@gmail.com","Pista 4","2025-11-06","11:00",27
"edyth.botsford3@gmail.com","Pista 13","2025-05-08","09:00",35
"eliane.reichel@hotmail.com","Pista 24","2025-05-11","19:00",13
"aryanna37@gmail.com","Pista 6","2025-12-27","17:00",24
"christopher_gottlieb@gmail.com","Pista 5","2025-08-02","19:00",34
"rosalyn.smith@gmail.com","Pista 21","2025-10-07","16:00",39
"edyth.botsford3@gmail.com","Pista 23","2025-07-14","19:00",29
"ludwig.becker7@hotmail.com","Pista 12","2025-06-29","10:00",34
"shana64@hotmail.com","Pista 21","2025-06-22","12:00",39
"rahul_thiel@gmail.com","Pista 9","2025-09-20","20:00",18
"sven.wolf90@yahoo.com","Pista 16","2025-05-01","16:00",19
"aimee.beer@yahoo.com","Pista 7","2025-07-19","16:00",23
"torey.dickens@gmail.com","Pista 4","2025-09-14","10:00",27
"christopher_gottlieb@gmail.com","Pista 11","2025-12-03","11:00",23
"sven.wolf90@yahoo.com","Pista 17","2025-08-14","19:00",14
"cyrus.murray@gmail.com","Pista 12","2025-07-18","17:00",34
"aimee.beer@yahoo.com","Pista 13","2025-06-14","18:00",35
"julius_smith@hotmail.com","Pista 20","2025-03-16","17:00",38
"abigale0@gmail.com","Pista 11","2025-01-17","19:00",23
"aimee.beer@yahoo.com","Pista 19","2025-02-26","16:00",37
"rahul_thiel@gmail.com","Pista 9","2025-11-29","20:00",18
"gilda89@hotmail.com","Pista 9","2025-11-21","17:00",18
"consuelo99@yahoo.com","Pista 26","2025-04-06","20:00",17
"sven.wolf90@yahoo.com","Pista 16","2025-08-26","11:00",19
"edyth.botsford3@gmail.com","Pista 24","2025-06-08","13:00",13
"carlee.halvorson@hotmail.com","Pista 13","2025-01-05","20:00",35
"abigale0@gmail.com","Pista 18","2025-04-01","10:00",18
"aimee.beer@yahoo.com","Pista 22","2025-01-25","19:00",28
"rahul_thiel@gmail.com","Pista 7","2025-05-30","11:00",23
"gilda89@hotmail.com","Pista 3","2025-09-19","16:00",21
"kamille95@yahoo.com","Pista 27","2025-02-17","09:00",36
"rodolfo0@yahoo.com","Pista 5","2025-01-12","09:00",34
"cyrus.murray@gmail.com","Pista 12","2025-01-19","18:00",34
"cyrus.murray@gmail.com","Pista 5","2025-11-27","16:00",34
"jabari.runte90@gmail.com","Pista 20","2025-04-15","20:00",38
"jordane48@hotmail.com","Pista 9","2025-02-20","19:00",18
"kamille95@yahoo.com","Pista 14","2025-12-08","17:00",38
"torey.dickens@gmail.com","Pista 13","2025-03-30","16:00",35
"gilda89@hotmail.com","Pista 12","2025-03-12","12:00",34
"jordane48@hotmail.com","Pista 27","2025-04-19","18:00",36
"cyrus.murray@gmail.com","Pista 5","2025-10-23","09:00",34
"freddy_boehm23@gmail.com","Pista 27","2025-08-22","12:00",36
"jordane48@hotmail.com","Pista 19","2025-12-22","10:00",37
"rodolfo0@yahoo.com","Pista 9","2025-11-13","16:00",18